body,frequency,rank,gender
JAMES,3.318,1,Male
JOHN,3.271,2,Male
ROBERT,3.143,3,Male
MICHAEL,2.629,4,Male
WILLIAM,2.451,5,Male
DAVID,2.363,6,Male
RICHARD,1.703,7,Male
CHARLES,1.523,8,Male
JOSEPH,1.404,9,Male
THOMAS,1.380,10,Male
CHRISTOPHER,1.035,11,Male
DANIEL,0.974,12,Male
PAUL,0.948,13,Male
MARK,0.938,14,Male
DONALD,0.931,15,Male
GEORGE,0.927,16,Male
KENNETH,0.826,17,Male
STEVEN,0.780,18,Male
EDWARD,0.779,19,Male
BRIAN,0.736,20,Male
RONALD,0.725,21,Male
ANTHONY,0.721,22,Male
KEVIN,0.671,23,Male
JASON,0.660,24,Male
MATTHEW,0.657,25,Male
GARY,0.650,26,Male
TIMOTHY,0.640,27,Male
JOSE,0.613,28,Male
LARRY,0.598,29,Male
JEFFREY,0.591,30,Male
FRANK,0.581,31,Male
SCOTT,0.546,32,Male
ERIC,0.544,33,Male
STEPHEN,0.540,34,Male
ANDREW,0.537,35,Male
RAYMOND,0.488,36,Male
GREGORY,0.441,37,Male
JOSHUA,0.435,38,Male
JERRY,0.432,39,Male
DENNIS,0.415,40,Male
WALTER,0.399,41,Male
PATRICK,0.389,42,Male
PETER,0.381,43,Male
HAROLD,0.371,44,Male
DOUGLAS,0.367,45,Male
HENRY,0.365,46,Male
CARL,0.346,47,Male
ARTHUR,0.335,48,Male
RYAN,0.328,49,Male
ROGER,0.322,50,Male
JOE,0.321,51,Male
JUAN,0.316,52,Male
JACK,0.315,53,Male
ALBERT,0.314,54,Male
JONATHAN,0.313,55,Male
JUSTIN,0.311,56,Male
TERRY,0.311,57,Male
GERALD,0.309,58,Male
KEITH,0.308,59,Male
SAMUEL,0.306,60,Male
WILLIE,0.302,61,Male
RALPH,0.282,62,Male
LAWRENCE,0.282,63,Male
NICHOLAS,0.275,64,Male
ROY,0.273,65,Male
BENJAMIN,0.270,66,Male
BRUCE,0.263,67,Male
BRANDON,0.260,68,Male
ADAM,0.259,69,Male
HARRY,0.251,70,Male
FRED,0.251,71,Male
WAYNE,0.249,72,Male
BILLY,0.248,73,Male
STEVE,0.246,74,Male
LOUIS,0.243,75,Male
JEREMY,0.242,76,Male
AARON,0.240,77,Male
RANDY,0.232,78,Male
HOWARD,0.230,79,Male
EUGENE,0.230,80,Male
CARLOS,0.229,81,Male
RUSSELL,0.224,82,Male
BOBBY,0.223,83,Male
VICTOR,0.222,84,Male
MARTIN,0.216,85,Male
ERNEST,0.215,86,Male
PHILLIP,0.213,87,Male
TODD,0.213,88,Male
JESSE,0.209,89,Male
CRAIG,0.206,90,Male
ALAN,0.204,91,Male
SHAWN,0.200,92,Male
CLARENCE,0.197,93,Male
SEAN,0.197,94,Male
PHILIP,0.197,95,Male
CHRIS,0.197,96,Male
JOHNNY,0.195,97,Male
EARL,0.193,98,Male
JIMMY,0.191,99,Male
ANTONIO,0.190,100,Male
DANNY,0.190,101,Male
BRYAN,0.190,102,Male
TONY,0.190,103,Male
LUIS,0.189,104,Male
MIKE,0.189,105,Male
STANLEY,0.186,106,Male
LEONARD,0.186,107,Male
NATHAN,0.185,108,Male
DALE,0.184,109,Male
MANUEL,0.181,110,Male
RODNEY,0.180,111,Male
CURTIS,0.180,112,Male
NORMAN,0.177,113,Male
ALLEN,0.174,114,Male
MARVIN,0.171,115,Male
VINCENT,0.168,116,Male
GLENN,0.167,117,Male
JEFFERY,0.166,118,Male
TRAVIS,0.166,119,Male
JEFF,0.166,120,Male
CHAD,0.165,121,Male
JACOB,0.165,122,Male
LEE,0.162,123,Male
MELVIN,0.162,124,Male
ALFRED,0.162,125,Male
KYLE,0.160,126,Male
FRANCIS,0.160,127,Male
BRADLEY,0.159,128,Male
JESUS,0.155,129,Male
HERBERT,0.155,130,Male
FREDERICK,0.154,131,Male
RAY,0.153,132,Male
JOEL,0.152,133,Male
EDWIN,0.148,134,Male
DON,0.145,135,Male
EDDIE,0.144,136,Male
RICKY,0.141,137,Male
TROY,0.138,138,Male
RANDALL,0.138,139,Male
BARRY,0.134,140,Male
ALEXANDER,0.132,141,Male
BERNARD,0.127,142,Male
MARIO,0.125,143,Male
LEROY,0.125,144,Male
FRANCISCO,0.124,145,Male
MARCUS,0.124,146,Male
MICHEAL,0.123,147,Male
THEODORE,0.123,148,Male
CLIFFORD,0.123,149,Male
MIGUEL,0.122,150,Male
OSCAR,0.122,151,Male
JAY,0.118,152,Male
JIM,0.118,153,Male
TOM,0.117,154,Male
CALVIN,0.115,155,Male
ALEX,0.115,156,Male
JON,0.115,157,Male
RONNIE,0.113,158,Male
BILL,0.112,159,Male
LLOYD,0.112,160,Male
TOMMY,0.112,161,Male
LEON,0.112,162,Male
DEREK,0.112,163,Male
WARREN,0.110,164,Male
DARRELL,0.108,165,Male
JEROME,0.108,166,Male
FLOYD,0.107,167,Male
LEO,0.106,168,Male
ALVIN,0.105,169,Male
TIM,0.104,170,Male
WESLEY,0.104,171,Male
GORDON,0.104,172,Male
DEAN,0.104,173,Male
GREG,0.104,174,Male
JORGE,0.104,175,Male
DUSTIN,0.103,176,Male
PEDRO,0.103,177,Male
DERRICK,0.103,178,Male
DAN,0.101,179,Male
LEWIS,0.099,180,Male
ZACHARY,0.099,181,Male
COREY,0.098,182,Male
HERMAN,0.097,183,Male
MAURICE,0.097,184,Male
VERNON,0.097,185,Male
ROBERTO,0.097,186,Male
CLYDE,0.095,187,Male
GLEN,0.094,188,Male
HECTOR,0.094,189,Male
SHANE,0.093,190,Male
RICARDO,0.093,191,Male
SAM,0.092,192,Male
RICK,0.091,193,Male
LESTER,0.091,194,Male
BRENT,0.090,195,Male
RAMON,0.090,196,Male
CHARLIE,0.090,197,Male
TYLER,0.089,198,Male
GILBERT,0.089,199,Male
GENE,0.087,200,Male
MARC,0.087,201,Male
REGINALD,0.084,202,Male
RUBEN,0.082,203,Male
BRETT,0.082,204,Male
ANGEL,0.082,205,Male
NATHANIEL,0.081,206,Male
RAFAEL,0.081,207,Male
LESLIE,0.081,208,Male
EDGAR,0.080,209,Male
MILTON,0.080,210,Male
RAUL,0.079,211,Male
BEN,0.078,212,Male
CHESTER,0.078,213,Male
CECIL,0.078,214,Male
DUANE,0.077,215,Male
FRANKLIN,0.077,216,Male
ANDRE,0.076,217,Male
ELMER,0.074,218,Male
BRAD,0.073,219,Male
GABRIEL,0.073,220,Male
RON,0.072,221,Male
MITCHELL,0.072,222,Male
ROLAND,0.072,223,Male
ARNOLD,0.072,224,Male
HARVEY,0.072,225,Male
JARED,0.071,226,Male
ADRIAN,0.069,227,Male
KARL,0.069,228,Male
CORY,0.068,229,Male
CLAUDE,0.068,230,Male
ERIK,0.068,231,Male
DARRYL,0.067,232,Male
JAMIE,0.066,233,Male
NEIL,0.066,234,Male
JESSIE,0.065,235,Male
CHRISTIAN,0.065,236,Male
JAVIER,0.065,237,Male
FERNANDO,0.065,238,Male
CLINTON,0.065,239,Male
TED,0.064,240,Male
MATHEW,0.064,241,Male
TYRONE,0.064,242,Male
DARREN,0.064,243,Male
LONNIE,0.064,244,Male
LANCE,0.063,245,Male
CODY,0.063,246,Male
JULIO,0.063,247,Male
KELLY,0.063,248,Male
KURT,0.062,249,Male
ALLAN,0.061,250,Male
NELSON,0.061,251,Male
GUY,0.060,252,Male
CLAYTON,0.060,253,Male
HUGH,0.060,254,Male
MAX,0.059,255,Male
DWAYNE,0.059,256,Male
DWIGHT,0.058,257,Male
ARMANDO,0.058,258,Male
FELIX,0.058,259,Male
JIMMIE,0.058,260,Male
EVERETT,0.057,261,Male
JORDAN,0.056,262,Male
IAN,0.056,263,Male
WALLACE,0.056,264,Male
KEN,0.055,265,Male
BOB,0.055,266,Male
JAIME,0.055,267,Male
CASEY,0.054,268,Male
ALFREDO,0.054,269,Male
ALBERTO,0.053,270,Male
DAVE,0.053,271,Male
IVAN,0.053,272,Male
JOHNNIE,0.052,273,Male
SIDNEY,0.052,274,Male
BYRON,0.052,275,Male
JULIAN,0.052,276,Male
ISAAC,0.051,277,Male
MORRIS,0.051,278,Male
CLIFTON,0.050,279,Male
WILLARD,0.050,280,Male
DARYL,0.050,281,Male
ROSS,0.050,282,Male
VIRGIL,0.049,283,Male
ANDY,0.049,284,Male
MARSHALL,0.049,285,Male
SALVADOR,0.049,286,Male
PERRY,0.049,287,Male
KIRK,0.049,288,Male
SERGIO,0.049,289,Male
MARION,0.048,290,Male
TRACY,0.048,291,Male
SETH,0.048,292,Male
KENT,0.048,293,Male
TERRANCE,0.048,294,Male
RENE,0.048,295,Male
EDUARDO,0.047,296,Male
TERRENCE,0.047,297,Male
ENRIQUE,0.046,298,Male
FREDDIE,0.046,299,Male
WADE,0.045,300,Male
AUSTIN,0.044,301,Male
STUART,0.044,302,Male
FREDRICK,0.043,303,Male
ARTURO,0.043,304,Male
ALEJANDRO,0.043,305,Male
JACKIE,0.043,306,Male
JOEY,0.043,307,Male
NICK,0.043,308,Male
LUTHER,0.043,309,Male
WENDELL,0.042,310,Male
JEREMIAH,0.042,311,Male
EVAN,0.042,312,Male
JULIUS,0.042,313,Male
DANA,0.042,314,Male
DONNIE,0.041,315,Male
OTIS,0.041,316,Male
SHANNON,0.040,317,Male
TREVOR,0.040,318,Male
OLIVER,0.040,319,Male
LUKE,0.040,320,Male
HOMER,0.040,321,Male
GERARD,0.040,322,Male
DOUG,0.040,323,Male
KENNY,0.039,324,Male
HUBERT,0.039,325,Male
ANGELO,0.039,326,Male
SHAUN,0.039,327,Male
LYLE,0.038,328,Male
MATT,0.038,329,Male
LYNN,0.038,330,Male
ALFONSO,0.038,331,Male
ORLANDO,0.037,332,Male
REX,0.037,333,Male
CARLTON,0.037,334,Male
ERNESTO,0.037,335,Male
CAMERON,0.037,336,Male
NEAL,0.037,337,Male
PABLO,0.036,338,Male
LORENZO,0.036,339,Male
OMAR,0.036,340,Male
WILBUR,0.036,341,Male
BLAKE,0.036,342,Male
GRANT,0.036,343,Male
HORACE,0.036,344,Male
RODERICK,0.036,345,Male
KERRY,0.036,346,Male
ABRAHAM,0.035,347,Male
WILLIS,0.035,348,Male
RICKEY,0.035,349,Male
JEAN,0.035,350,Male
IRA,0.035,351,Male
ANDRES,0.034,352,Male
CESAR,0.034,353,Male
JOHNATHAN,0.034,354,Male
MALCOLM,0.034,355,Male
RUDOLPH,0.034,356,Male
DAMON,0.034,357,Male
KELVIN,0.034,358,Male
RUDY,0.034,359,Male
PRESTON,0.034,360,Male
ALTON,0.033,361,Male
ARCHIE,0.033,362,Male
MARCO,0.033,363,Male
WM,0.033,364,Male
PETE,0.032,365,Male
RANDOLPH,0.032,366,Male
GARRY,0.032,367,Male
GEOFFREY,0.032,368,Male
JONATHON,0.032,369,Male
FELIPE,0.032,370,Male
BENNIE,0.032,371,Male
GERARDO,0.032,372,Male
ED,0.032,373,Male
DOMINIC,0.032,374,Male
ROBIN,0.032,375,Male
LOREN,0.032,376,Male
DELBERT,0.031,377,Male
COLIN,0.031,378,Male
GUILLERMO,0.031,379,Male
EARNEST,0.031,380,Male
LUCAS,0.031,381,Male
BENNY,0.030,382,Male
NOEL,0.030,383,Male
SPENCER,0.030,384,Male
RODOLFO,0.030,385,Male
MYRON,0.030,386,Male
EDMUND,0.030,387,Male
GARRETT,0.029,388,Male
SALVATORE,0.029,389,Male
CEDRIC,0.029,390,Male
LOWELL,0.029,391,Male
GREGG,0.029,392,Male
SHERMAN,0.028,393,Male
WILSON,0.028,394,Male
DEVIN,0.028,395,Male
SYLVESTER,0.028,396,Male
KIM,0.028,397,Male
ROOSEVELT,0.028,398,Male
ISRAEL,0.028,399,Male
JERMAINE,0.028,400,Male
FORREST,0.027,401,Male
WILBERT,0.027,402,Male
LELAND,0.027,403,Male
SIMON,0.026,404,Male
GUADALUPE,0.026,405,Male
CLARK,0.026,406,Male
IRVING,0.026,407,Male
CARROLL,0.026,408,Male
BRYANT,0.026,409,Male
OWEN,0.026,410,Male
RUFUS,0.025,411,Male
WOODROW,0.025,412,Male
SAMMY,0.025,413,Male
KRISTOPHER,0.025,414,Male
MACK,0.025,415,Male
LEVI,0.025,416,Male
MARCOS,0.025,417,Male
GUSTAVO,0.025,418,Male
JAKE,0.025,419,Male
LIONEL,0.024,420,Male
MARTY,0.024,421,Male
TAYLOR,0.024,422,Male
ELLIS,0.024,423,Male
DALLAS,0.024,424,Male
GILBERTO,0.024,425,Male
CLINT,0.024,426,Male
NICOLAS,0.024,427,Male
LAURENCE,0.024,428,Male
ISMAEL,0.024,429,Male
ORVILLE,0.024,430,Male
DREW,0.024,431,Male
JODY,0.024,432,Male
ERVIN,0.023,433,Male
DEWEY,0.023,434,Male
AL,0.023,435,Male
WILFRED,0.023,436,Male
JOSH,0.023,437,Male
HUGO,0.023,438,Male
IGNACIO,0.023,439,Male
CALEB,0.023,440,Male
TOMAS,0.023,441,Male
SHELDON,0.023,442,Male
ERICK,0.023,443,Male
FRANKIE,0.023,444,Male
STEWART,0.022,445,Male
DOYLE,0.022,446,Male
DARREL,0.022,447,Male
ROGELIO,0.022,448,Male
TERENCE,0.022,449,Male
SANTIAGO,0.022,450,Male
ALONZO,0.022,451,Male
ELIAS,0.022,452,Male
BERT,0.022,453,Male
ELBERT,0.022,454,Male
RAMIRO,0.022,455,Male
CONRAD,0.022,456,Male
PAT,0.022,457,Male
NOAH,0.022,458,Male
GRADY,0.021,459,Male
PHIL,0.021,460,Male
CORNELIUS,0.021,461,Male
LAMAR,0.021,462,Male
ROLANDO,0.021,463,Male
CLAY,0.021,464,Male
PERCY,0.021,465,Male
DEXTER,0.021,466,Male
BRADFORD,0.021,467,Male
MERLE,0.021,468,Male
DARIN,0.020,469,Male
AMOS,0.020,470,Male
TERRELL,0.020,471,Male
MOSES,0.020,472,Male
IRVIN,0.020,473,Male
SAUL,0.020,474,Male
ROMAN,0.020,475,Male
DARNELL,0.020,476,Male
RANDAL,0.020,477,Male
TOMMIE,0.020,478,Male
TIMMY,0.019,479,Male
DARRIN,0.019,480,Male
WINSTON,0.019,481,Male
BRENDAN,0.019,482,Male
TOBY,0.019,483,Male
VAN,0.019,484,Male
ABEL,0.019,485,Male
DOMINICK,0.019,486,Male
BOYD,0.019,487,Male
COURTNEY,0.019,488,Male
JAN,0.019,489,Male
EMILIO,0.019,490,Male
ELIJAH,0.019,491,Male
CARY,0.019,492,Male
DOMINGO,0.019,493,Male
SANTOS,0.019,494,Male
AUBREY,0.019,495,Male
EMMETT,0.019,496,Male
MARLON,0.019,497,Male
EMANUEL,0.019,498,Male
JERALD,0.019,499,Male
EDMOND,0.019,500,Male
EMIL,0.019,501,Male
DEWAYNE,0.018,502,Male
WILL,0.018,503,Male
OTTO,0.018,504,Male
TEDDY,0.018,505,Male
REYNALDO,0.018,506,Male
BRET,0.018,507,Male
MORGAN,0.018,508,Male
JESS,0.018,509,Male
TRENT,0.018,510,Male
HUMBERTO,0.018,511,Male
EMMANUEL,0.018,512,Male
STEPHAN,0.018,513,Male
LOUIE,0.018,514,Male
VICENTE,0.017,515,Male
LAMONT,0.017,516,Male
STACY,0.017,517,Male
GARLAND,0.017,518,Male
MILES,0.017,519,Male
MICAH,0.017,520,Male
EFRAIN,0.017,521,Male
BILLIE,0.017,522,Male
LOGAN,0.017,523,Male
HEATH,0.017,524,Male
RODGER,0.017,525,Male
HARLEY,0.017,526,Male
DEMETRIUS,0.017,527,Male
ETHAN,0.017,528,Male
ELDON,0.017,529,Male
ROCKY,0.016,530,Male
PIERRE,0.016,531,Male
JUNIOR,0.016,532,Male
FREDDY,0.016,533,Male
ELI,0.016,534,Male
BRYCE,0.016,535,Male
ANTOINE,0.016,536,Male
ROBBIE,0.016,537,Male
KENDALL,0.016,538,Male
ROYCE,0.016,539,Male
STERLING,0.016,540,Male
MICKEY,0.016,541,Male
CHASE,0.016,542,Male
GROVER,0.016,543,Male
ELTON,0.016,544,Male
CLEVELAND,0.016,545,Male
DYLAN,0.016,546,Male
CHUCK,0.016,547,Male
DAMIAN,0.016,548,Male
REUBEN,0.015,549,Male
STAN,0.015,550,Male
AUGUST,0.015,551,Male
LEONARDO,0.015,552,Male
JASPER,0.015,553,Male
RUSSEL,0.015,554,Male
ERWIN,0.015,555,Male
BENITO,0.015,556,Male
HANS,0.015,557,Male
MONTE,0.015,558,Male
BLAINE,0.015,559,Male
ERNIE,0.015,560,Male
CURT,0.015,561,Male
QUENTIN,0.015,562,Male
AGUSTIN,0.015,563,Male
MURRAY,0.015,564,Male
JAMAL,0.014,565,Male
DEVON,0.014,566,Male
ADOLFO,0.014,567,Male
HARRISON,0.014,568,Male
TYSON,0.014,569,Male
BURTON,0.014,570,Male
BRADY,0.014,571,Male
ELLIOTT,0.014,572,Male
WILFREDO,0.014,573,Male
BART,0.014,574,Male
JARROD,0.014,575,Male
VANCE,0.014,576,Male
DENIS,0.014,577,Male
DAMIEN,0.014,578,Male
JOAQUIN,0.014,579,Male
HARLAN,0.014,580,Male
DESMOND,0.014,581,Male
ELLIOT,0.014,582,Male
DARWIN,0.014,583,Male
ASHLEY,0.014,584,Male
GREGORIO,0.014,585,Male
BUDDY,0.014,586,Male
XAVIER,0.013,587,Male
KERMIT,0.013,588,Male
ROSCOE,0.013,589,Male
ESTEBAN,0.013,590,Male
ANTON,0.013,591,Male
SOLOMON,0.013,592,Male
SCOTTY,0.013,593,Male
NORBERT,0.013,594,Male
ELVIN,0.013,595,Male
WILLIAMS,0.013,596,Male
NOLAN,0.013,597,Male
CAREY,0.013,598,Male
ROD,0.013,599,Male
QUINTON,0.013,600,Male
HAL,0.013,601,Male
BRAIN,0.013,602,Male
ROB,0.013,603,Male
ELWOOD,0.013,604,Male
KENDRICK,0.013,605,Male
DARIUS,0.013,606,Male
MOISES,0.013,607,Male
SON,0.012,608,Male
MARLIN,0.012,609,Male
FIDEL,0.012,610,Male
THADDEUS,0.012,611,Male
CLIFF,0.012,612,Male
MARCEL,0.012,613,Male
ALI,0.012,614,Male
JACKSON,0.012,615,Male
RAPHAEL,0.012,616,Male
BRYON,0.012,617,Male
ARMAND,0.012,618,Male
ALVARO,0.012,619,Male
JEFFRY,0.012,620,Male
DANE,0.012,621,Male
JOESPH,0.012,622,Male
THURMAN,0.012,623,Male
NED,0.012,624,Male
SAMMIE,0.012,625,Male
RUSTY,0.012,626,Male
MICHEL,0.012,627,Male
MONTY,0.012,628,Male
RORY,0.012,629,Male
FABIAN,0.012,630,Male
REGGIE,0.012,631,Male
MASON,0.012,632,Male
GRAHAM,0.012,633,Male
KRIS,0.011,634,Male
ISAIAH,0.011,635,Male
VAUGHN,0.011,636,Male
GUS,0.011,637,Male
AVERY,0.011,638,Male
LOYD,0.011,639,Male
DIEGO,0.011,640,Male
ALEXIS,0.011,641,Male
ADOLPH,0.011,642,Male
NORRIS,0.011,643,Male
MILLARD,0.011,644,Male
ROCCO,0.011,645,Male
GONZALO,0.011,646,Male
DERICK,0.011,647,Male
RODRIGO,0.011,648,Male
GERRY,0.011,649,Male
STACEY,0.011,650,Male
CARMEN,0.011,651,Male
WILEY,0.011,652,Male
RIGOBERTO,0.011,653,Male
ALPHONSO,0.011,654,Male
TY,0.011,655,Male
SHELBY,0.011,656,Male
RICKIE,0.011,657,Male
NOE,0.011,658,Male
VERN,0.010,659,Male
BOBBIE,0.010,660,Male
REED,0.010,661,Male
JEFFERSON,0.010,662,Male
ELVIS,0.010,663,Male
BERNARDO,0.010,664,Male
MAURICIO,0.010,665,Male
HIRAM,0.010,666,Male
DONOVAN,0.010,667,Male
BASIL,0.010,668,Male
RILEY,0.010,669,Male
OLLIE,0.010,670,Male
NICKOLAS,0.010,671,Male
MAYNARD,0.010,672,Male
SCOT,0.010,673,Male
VINCE,0.010,674,Male
QUINCY,0.010,675,Male
EDDY,0.010,676,Male
SEBASTIAN,0.010,677,Male
FEDERICO,0.010,678,Male
ULYSSES,0.010,679,Male
HERIBERTO,0.010,680,Male
DONNELL,0.010,681,Male
COLE,0.010,682,Male
DENNY,0.010,683,Male
DAVIS,0.010,684,Male
GAVIN,0.010,685,Male
EMERY,0.010,686,Male
WARD,0.010,687,Male
ROMEO,0.010,688,Male
JAYSON,0.010,689,Male
DION,0.010,690,Male
DANTE,0.010,691,Male
CLEMENT,0.010,692,Male
COY,0.010,693,Male
ODELL,0.010,694,Male
MAXWELL,0.010,695,Male
JARVIS,0.010,696,Male
BRUNO,0.010,697,Male
ISSAC,0.010,698,Male
MARY,0.009,699,Male
DUDLEY,0.009,700,Male
BROCK,0.009,701,Male
SANFORD,0.009,702,Male
COLBY,0.009,703,Male
CARMELO,0.009,704,Male
BARNEY,0.009,705,Male
NESTOR,0.009,706,Male
HOLLIS,0.009,707,Male
STEFAN,0.009,708,Male
DONNY,0.009,709,Male
ART,0.009,710,Male
LINWOOD,0.009,711,Male
BEAU,0.009,712,Male
WELDON,0.009,713,Male
GALEN,0.009,714,Male
ISIDRO,0.009,715,Male
TRUMAN,0.009,716,Male
DELMAR,0.009,717,Male
JOHNATHON,0.009,718,Male
SILAS,0.009,719,Male
FREDERIC,0.009,720,Male
DICK,0.009,721,Male
KIRBY,0.009,722,Male
IRWIN,0.009,723,Male
CRUZ,0.009,724,Male
MERLIN,0.009,725,Male
MERRILL,0.009,726,Male
CHARLEY,0.009,727,Male
MARCELINO,0.009,728,Male
LANE,0.009,729,Male
HARRIS,0.009,730,Male
CLEO,0.009,731,Male
CARLO,0.009,732,Male
TRENTON,0.009,733,Male
KURTIS,0.009,734,Male
HUNTER,0.009,735,Male
AURELIO,0.009,736,Male
WINFRED,0.009,737,Male
VITO,0.009,738,Male
COLLIN,0.009,739,Male
DENVER,0.009,740,Male
CARTER,0.009,741,Male
LEONEL,0.008,742,Male
EMORY,0.008,743,Male
PASQUALE,0.008,744,Male
MOHAMMAD,0.008,745,Male
MARIANO,0.008,746,Male
DANIAL,0.008,747,Male
BLAIR,0.008,748,Male
LANDON,0.008,749,Male
DIRK,0.008,750,Male
BRANDEN,0.008,751,Male
ADAN,0.008,752,Male
NUMBERS,0.008,753,Male
CLAIR,0.008,754,Male
BUFORD,0.008,755,Male
GERMAN,0.008,756,Male
BERNIE,0.008,757,Male
WILMER,0.008,758,Male
JOAN,0.008,759,Male
EMERSON,0.008,760,Male
ZACHERY,0.008,761,Male
FLETCHER,0.008,762,Male
JACQUES,0.008,763,Male
ERROL,0.008,764,Male
DALTON,0.008,765,Male
MONROE,0.008,766,Male
JOSUE,0.008,767,Male
DOMINIQUE,0.008,768,Male
EDWARDO,0.008,769,Male
BOOKER,0.008,770,Male
WILFORD,0.008,771,Male
SONNY,0.008,772,Male
SHELTON,0.008,773,Male
CARSON,0.008,774,Male
THERON,0.008,775,Male
RAYMUNDO,0.008,776,Male
DAREN,0.008,777,Male
TRISTAN,0.008,778,Male
HOUSTON,0.008,779,Male
ROBBY,0.008,780,Male
LINCOLN,0.008,781,Male
JAME,0.008,782,Male
GENARO,0.008,783,Male
GALE,0.008,784,Male
BENNETT,0.008,785,Male
OCTAVIO,0.008,786,Male
CORNELL,0.008,787,Male
LAVERNE,0.008,788,Male
HUNG,0.008,789,Male
ARRON,0.008,790,Male
ANTONY,0.008,791,Male
HERSCHEL,0.007,792,Male
ALVA,0.007,793,Male
GIOVANNI,0.007,794,Male
GARTH,0.007,795,Male
CYRUS,0.007,796,Male
CYRIL,0.007,797,Male
RONNY,0.007,798,Male
STEVIE,0.007,799,Male
LON,0.007,800,Male
FREEMAN,0.007,801,Male
ERIN,0.007,802,Male
DUNCAN,0.007,803,Male
KENNITH,0.007,804,Male
CARMINE,0.007,805,Male
AUGUSTINE,0.007,806,Male
YOUNG,0.007,807,Male
ERICH,0.007,808,Male
CHADWICK,0.007,809,Male
WILBURN,0.007,810,Male
RUSS,0.007,811,Male
REID,0.007,812,Male
MYLES,0.007,813,Male
ANDERSON,0.007,814,Male
MORTON,0.007,815,Male
JONAS,0.007,816,Male
FOREST,0.007,817,Male
MITCHEL,0.007,818,Male
MERVIN,0.007,819,Male
ZANE,0.007,820,Male
RICH,0.007,821,Male
JAMEL,0.007,822,Male
LAZARO,0.007,823,Male
ALPHONSE,0.007,824,Male
RANDELL,0.007,825,Male
MAJOR,0.007,826,Male
JOHNIE,0.007,827,Male
JARRETT,0.007,828,Male
BROOKS,0.007,829,Male
ARIEL,0.007,830,Male
ABDUL,0.007,831,Male
DUSTY,0.007,832,Male
LUCIANO,0.007,833,Male
LINDSEY,0.007,834,Male
TRACEY,0.007,835,Male
SEYMOUR,0.007,836,Male
SCOTTIE,0.007,837,Male
EUGENIO,0.007,838,Male
MOHAMMED,0.007,839,Male
SANDY,0.007,840,Male
VALENTIN,0.007,841,Male
CHANCE,0.007,842,Male
ARNULFO,0.007,843,Male
LUCIEN,0.007,844,Male
FERDINAND,0.007,845,Male
THAD,0.007,846,Male
EZRA,0.007,847,Male
SYDNEY,0.007,848,Male
ALDO,0.007,849,Male
RUBIN,0.006,850,Male
ROYAL,0.006,851,Male
MITCH,0.006,852,Male
EARLE,0.006,853,Male
ABE,0.006,854,Male
WYATT,0.006,855,Male
MARQUIS,0.006,856,Male
LANNY,0.006,857,Male
KAREEM,0.006,858,Male
JAMAR,0.006,859,Male
BORIS,0.006,860,Male
ISIAH,0.006,861,Male
EMILE,0.006,862,Male
ELMO,0.006,863,Male
ARON,0.006,864,Male
LEOPOLDO,0.006,865,Male
EVERETTE,0.006,866,Male
JOSEF,0.006,867,Male
GAIL,0.006,868,Male
ELOY,0.006,869,Male
DORIAN,0.006,870,Male
RODRICK,0.006,871,Male
REINALDO,0.006,872,Male
LUCIO,0.006,873,Male
JERROD,0.006,874,Male
WESTON,0.006,875,Male
HERSHEL,0.006,876,Male
BARTON,0.006,877,Male
PARKER,0.006,878,Male
LEMUEL,0.006,879,Male
LAVERN,0.006,880,Male
BURT,0.006,881,Male
JULES,0.006,882,Male
GIL,0.006,883,Male
ELISEO,0.006,884,Male
AHMAD,0.006,885,Male
NIGEL,0.006,886,Male
EFREN,0.006,887,Male
ANTWAN,0.006,888,Male
ALDEN,0.006,889,Male
MARGARITO,0.006,890,Male
COLEMAN,0.006,891,Male
REFUGIO,0.006,892,Male
DINO,0.006,893,Male
OSVALDO,0.006,894,Male
LES,0.006,895,Male
DEANDRE,0.006,896,Male
NORMAND,0.006,897,Male
KIETH,0.006,898,Male
IVORY,0.006,899,Male
ANDREA,0.006,900,Male
TREY,0.006,901,Male
NORBERTO,0.006,902,Male
NAPOLEON,0.006,903,Male
JEROLD,0.006,904,Male
FRITZ,0.006,905,Male
ROSENDO,0.006,906,Male
MILFORD,0.006,907,Male
SANG,0.006,908,Male
DEON,0.006,909,Male
CHRISTOPER,0.006,910,Male
ALFONZO,0.006,911,Male
LYMAN,0.006,912,Male
JOSIAH,0.006,913,Male
BRANT,0.006,914,Male
WILTON,0.006,915,Male
RICO,0.006,916,Male
JAMAAL,0.006,917,Male
DEWITT,0.006,918,Male
CAROL,0.006,919,Male
BRENTON,0.006,920,Male
YONG,0.006,921,Male
OLIN,0.006,922,Male
FOSTER,0.006,923,Male
FAUSTINO,0.006,924,Male
CLAUDIO,0.006,925,Male
JUDSON,0.006,926,Male
GINO,0.006,927,Male
EDGARDO,0.006,928,Male
BERRY,0.006,929,Male
ALEC,0.006,930,Male
TANNER,0.006,931,Male
JARRED,0.006,932,Male
DONN,0.006,933,Male
TRINIDAD,0.005,934,Male
TAD,0.005,935,Male
SHIRLEY,0.005,936,Male
PRINCE,0.005,937,Male
PORFIRIO,0.005,938,Male
ODIS,0.005,939,Male
MARIA,0.005,940,Male
LENARD,0.005,941,Male
CHAUNCEY,0.005,942,Male
CHANG,0.005,943,Male
TOD,0.005,944,Male
MEL,0.005,945,Male
MARCELO,0.005,946,Male
KORY,0.005,947,Male
AUGUSTUS,0.005,948,Male
KEVEN,0.005,949,Male
HILARIO,0.005,950,Male
BUD,0.005,951,Male
SAL,0.005,952,Male
ROSARIO,0.005,953,Male
ORVAL,0.005,954,Male
MAURO,0.005,955,Male
DANNIE,0.005,956,Male
ZACHARIAH,0.005,957,Male
OLEN,0.005,958,Male
ANIBAL,0.005,959,Male
MILO,0.005,960,Male
JED,0.005,961,Male
FRANCES,0.005,962,Male
THANH,0.005,963,Male
DILLON,0.005,964,Male
AMADO,0.005,965,Male
NEWTON,0.005,966,Male
CONNIE,0.005,967,Male
LENNY,0.005,968,Male
TORY,0.005,969,Male
RICHIE,0.005,970,Male
LUPE,0.005,971,Male
HORACIO,0.005,972,Male
BRICE,0.005,973,Male
MOHAMED,0.005,974,Male
DELMER,0.005,975,Male
DARIO,0.005,976,Male
REYES,0.005,977,Male
DEE,0.005,978,Male
MAC,0.005,979,Male
JONAH,0.005,980,Male
JERROLD,0.005,981,Male
ROBT,0.005,982,Male
HANK,0.005,983,Male
SUNG,0.005,984,Male
RUPERT,0.005,985,Male
ROLLAND,0.005,986,Male
KENTON,0.005,987,Male
DAMION,0.005,988,Male
CHI,0.005,989,Male
ANTONE,0.005,990,Male
WALDO,0.005,991,Male
FREDRIC,0.005,992,Male
BRADLY,0.005,993,Male
QUINN,0.005,994,Male
KIP,0.005,995,Male
BURL,0.005,996,Male
WALKER,0.005,997,Male
TYREE,0.005,998,Male
JEFFEREY,0.005,999,Male
AHMED,0.005,1000,Male
WILLY,0.005,1001,Male
STANFORD,0.005,1002,Male
OREN,0.005,1003,Male
NOBLE,0.005,1004,Male
MOSHE,0.005,1005,Male
MIKEL,0.005,1006,Male
ENOCH,0.005,1007,Male
BRENDON,0.005,1008,Male
QUINTIN,0.005,1009,Male
JAMISON,0.005,1010,Male
FLORENCIO,0.005,1011,Male
DARRICK,0.005,1012,Male
TOBIAS,0.005,1013,Male
MINH,0.005,1014,Male
HASSAN,0.005,1015,Male
GIUSEPPE,0.005,1016,Male
DEMARCUS,0.005,1017,Male
CLETUS,0.005,1018,Male
TYRELL,0.005,1019,Male
LYNDON,0.005,1020,Male
KEENAN,0.005,1021,Male
WERNER,0.005,1022,Male
THEO,0.005,1023,Male
GERALDO,0.005,1024,Male
LOU,0.005,1025,Male
COLUMBUS,0.005,1026,Male
CHET,0.005,1027,Male
BERTRAM,0.005,1028,Male
MARKUS,0.005,1029,Male
HUEY,0.005,1030,Male
HILTON,0.005,1031,Male
DWAIN,0.005,1032,Male
DONTE,0.005,1033,Male
TYRON,0.005,1034,Male
OMER,0.005,1035,Male
ISAIAS,0.005,1036,Male
HIPOLITO,0.005,1037,Male
FERMIN,0.005,1038,Male
CHUNG,0.005,1039,Male
ADALBERTO,0.005,1040,Male
VALENTINE,0.005,1041,Male
JAMEY,0.005,1042,Male
BO,0.005,1043,Male
BARRETT,0.005,1044,Male
WHITNEY,0.005,1045,Male
TEODORO,0.005,1046,Male
MCKINLEY,0.005,1047,Male
MAXIMO,0.005,1048,Male
GARFIELD,0.005,1049,Male
SOL,0.005,1050,Male
RALEIGH,0.005,1051,Male
LAWERENCE,0.005,1052,Male
ABRAM,0.005,1053,Male
RASHAD,0.004,1054,Male
KING,0.004,1055,Male
EMMITT,0.004,1056,Male
DARON,0.004,1057,Male
CHONG,0.004,1058,Male
SAMUAL,0.004,1059,Male
PARIS,0.004,1060,Male
OTHA,0.004,1061,Male
MIQUEL,0.004,1062,Male
LACY,0.004,1063,Male
EUSEBIO,0.004,1064,Male
DONG,0.004,1065,Male
DOMENIC,0.004,1066,Male
DARRON,0.004,1067,Male
BUSTER,0.004,1068,Male
ANTONIA,0.004,1069,Male
WILBER,0.004,1070,Male
RENATO,0.004,1071,Male
JC,0.004,1072,Male
HOYT,0.004,1073,Male
HAYWOOD,0.004,1074,Male
EZEKIEL,0.004,1075,Male
CHAS,0.004,1076,Male
FLORENTINO,0.004,1077,Male
ELROY,0.004,1078,Male
CLEMENTE,0.004,1079,Male
ARDEN,0.004,1080,Male
NEVILLE,0.004,1081,Male
KELLEY,0.004,1082,Male
EDISON,0.004,1083,Male
DESHAWN,0.004,1084,Male
CARROL,0.004,1085,Male
SHAYNE,0.004,1086,Male
NATHANIAL,0.004,1087,Male
JORDON,0.004,1088,Male
DANILO,0.004,1089,Male
CLAUD,0.004,1090,Male
VAL,0.004,1091,Male
SHERWOOD,0.004,1092,Male
RAYMON,0.004,1093,Male
RAYFORD,0.004,1094,Male
CRISTOBAL,0.004,1095,Male
AMBROSE,0.004,1096,Male
TITUS,0.004,1097,Male
HYMAN,0.004,1098,Male
FELTON,0.004,1099,Male
EZEQUIEL,0.004,1100,Male
ERASMO,0.004,1101,Male
STANTON,0.004,1102,Male
LONNY,0.004,1103,Male
LEN,0.004,1104,Male
IKE,0.004,1105,Male
MILAN,0.004,1106,Male
LINO,0.004,1107,Male
JAROD,0.004,1108,Male
HERB,0.004,1109,Male
ANDREAS,0.004,1110,Male
WALTON,0.004,1111,Male
RHETT,0.004,1112,Male
PALMER,0.004,1113,Male
JUDE,0.004,1114,Male
DOUGLASS,0.004,1115,Male
CORDELL,0.004,1116,Male
OSWALDO,0.004,1117,Male
ELLSWORTH,0.004,1118,Male
VIRGILIO,0.004,1119,Male
TONEY,0.004,1120,Male
NATHANAEL,0.004,1121,Male
DEL,0.004,1122,Male
BRITT,0.004,1123,Male
BENEDICT,0.004,1124,Male
MOSE,0.004,1125,Male
HONG,0.004,1126,Male
LEIGH,0.004,1127,Male
JOHNSON,0.004,1128,Male
ISREAL,0.004,1129,Male
GAYLE,0.004,1130,Male
GARRET,0.004,1131,Male
FAUSTO,0.004,1132,Male
ASA,0.004,1133,Male
ARLEN,0.004,1134,Male
ZACK,0.004,1135,Male
WARNER,0.004,1136,Male
MODESTO,0.004,1137,Male
FRANCESCO,0.004,1138,Male
MANUAL,0.004,1139,Male
JAE,0.004,1140,Male
GAYLORD,0.004,1141,Male
GASTON,0.004,1142,Male
FILIBERTO,0.004,1143,Male
DEANGELO,0.004,1144,Male
MICHALE,0.004,1145,Male
GRANVILLE,0.004,1146,Male
WES,0.004,1147,Male
MALIK,0.004,1148,Male
ZACKARY,0.004,1149,Male
TUAN,0.004,1150,Male
NICKY,0.004,1151,Male
ELDRIDGE,0.004,1152,Male
CRISTOPHER,0.004,1153,Male
CORTEZ,0.004,1154,Male
ANTIONE,0.004,1155,Male
MALCOM,0.004,1156,Male
LONG,0.004,1157,Male
KOREY,0.004,1158,Male
JOSPEH,0.004,1159,Male
COLTON,0.004,1160,Male
WAYLON,0.004,1161,Male
VON,0.004,1162,Male
HOSEA,0.004,1163,Male
SHAD,0.004,1164,Male
SANTO,0.004,1165,Male
RUDOLF,0.004,1166,Male
ROLF,0.004,1167,Male
REY,0.004,1168,Male
RENALDO,0.004,1169,Male
MARCELLUS,0.004,1170,Male
LUCIUS,0.004,1171,Male
LESLEY,0.004,1172,Male
KRISTOFER,0.004,1173,Male
BOYCE,0.004,1174,Male
BENTON,0.004,1175,Male
MAN,0.004,1176,Male
KASEY,0.004,1177,Male
JEWELL,0.004,1178,Male
HAYDEN,0.004,1179,Male
HARLAND,0.004,1180,Male
ARNOLDO,0.004,1181,Male
RUEBEN,0.004,1182,Male
LEANDRO,0.004,1183,Male
KRAIG,0.004,1184,Male
JERRELL,0.004,1185,Male
JEROMY,0.004,1186,Male
HOBERT,0.004,1187,Male
CEDRICK,0.004,1188,Male
ARLIE,0.004,1189,Male
WINFORD,0.004,1190,Male
WALLY,0.004,1191,Male
PATRICIA,0.004,1192,Male
LUIGI,0.004,1193,Male
KENETH,0.004,1194,Male
JACINTO,0.004,1195,Male
GRAIG,0.004,1196,Male
FRANKLYN,0.004,1197,Male
EDMUNDO,0.004,1198,Male
SID,0.004,1199,Male
PORTER,0.004,1200,Male
LEIF,0.004,1201,Male
LAUREN,0.004,1202,Male
JERAMY,0.004,1203,Male
ELISHA,0.004,1204,Male
BUCK,0.004,1205,Male
WILLIAN,0.004,1206,Male
VINCENZO,0.004,1207,Male
SHON,0.004,1208,Male
MICHAL,0.004,1209,Male
LYNWOOD,0.004,1210,Male
LINDSAY,0.004,1211,Male
JEWEL,0.004,1212,Male
JERE,0.004,1213,Male
HAI,0.004,1214,Male
ELDEN,0.004,1215,Male
DORSEY,0.004,1216,Male
DARELL,0.004,1217,Male
BRODERICK,0.004,1218,Male
ALONSO,0.004,1219,Male